Priority,Defects in the last four weeks,MTTR,FFA,DRE,Open
1 - Trivial,0,15,0,0.2,4
2 - Minor,2,73.2639545884579,6,0.4316047366271948,1386
3 - Major,0,86.3870967741936,1,0.40789473684210525,44
4 - Critical,0,46.9130434782609,0,0.4791666666666667,25
5 - Blocker,0,92.4285714285714,0,0.813953488372093,8
