Priority,Defects in the last four weeks,MTTR,FFA,DRE,Open
1 - Trivial,0,15,0,0.25,3
2 - Minor,32,63.0790513833992,1,0.39655172413793105,384
3 - Major,0,106,1,0.4827586206896552,14
4 - Critical,0,45.4615384615385,0,0.6190476190476191,8
5 - Blocker,0,24.7142857142857,0,0.875,2
